review_order	open_this_file	WHAT_TO_FILL_ON_THIS_ROW	row_kind	priority	content_sha256	promoted_in_release	title	source_path	risk_tier	signal_classes	finding_count	pages	finding_id	pattern_id	page	extraction_path	review_bundle_dir	prior_v1_decision_not_extended	currentness_declared	allowed_options	HUMAN_DECISION	FINDING_DISPOSITION	JUSTIFICATION_CATEGORY	REVIEWER_LOGIN	EVIDENCE_REFERENCE	COMMENT
1	(source Drive) 01_EDUSCOL_OFFICIEL/LYCEE/TRANSVERSAL_MULTI_NIVEAUX/90_ARCHIVE_CATALOGUE/DGEMC/07_DIAPORAMAS_SUPPORTS/2021/glossaire--174f273ff2.pdf	HUMAN_DECISION + REVIEWER_LOGIN (+ EVIDENCE_REFERENCE si KEEP_IF_STILL_CURRENT_WITH_EVIDENCE)	CURRENTNESS_CONTENT	P1_PROMOTED_BLOCKS_RELEASE	174f273ff25818064be60cd4c7cded89ab8f257de484b32a21250578f323149b	true		01_EDUSCOL_OFFICIEL/LYCEE/TRANSVERSAL_MULTI_NIVEAUX/90_ARCHIVE_CATALOGUE/DGEMC/07_DIAPORAMAS_SUPPORTS/2021/glossaire--174f273ff2.pdf											ARCHIVE_DECLARED	KEEP_IF_STILL_CURRENT_WITH_EVIDENCE|REPLACE_WITH_CURRENT_SOURCE|EXCLUDE_FROM_PROMOTED_RELEASE|HUMAN_REVIEW_REQUIRED						
2	(source Drive) 01_EDUSCOL_OFFICIEL/LYCEE/SECONDE/SVT/04_EVALUATIONS_EXAMENS/2024/pour-la-voie-technologique--ccffe628bb.pdf	HUMAN_DECISION + REVIEWER_LOGIN (+ EVIDENCE_REFERENCE si KEEP_IF_STILL_CURRENT_WITH_EVIDENCE)	CURRENTNESS_CONTENT	P1_PROMOTED_BLOCKS_RELEASE	ccffe628bbd64e34a8442a045f95ec2ef65109765c0a0a476c0156aa84a5f9a2	true		01_EDUSCOL_OFFICIEL/LYCEE/SECONDE/SVT/04_EVALUATIONS_EXAMENS/2024/pour-la-voie-technologique--ccffe628bb.pdf											ARCHIVE_DECLARED	KEEP_IF_STILL_CURRENT_WITH_EVIDENCE|REPLACE_WITH_CURRENT_SOURCE|EXCLUDE_FROM_PROMOTED_RELEASE|HUMAN_REVIEW_REQUIRED						
3	(source Drive) 01_EDUSCOL_OFFICIEL/LYCEE/SECONDE/SVT/04_EVALUATIONS_EXAMENS/2024/pour-la-voie-generale--dc58fcc42e.pdf	HUMAN_DECISION + REVIEWER_LOGIN (+ EVIDENCE_REFERENCE si KEEP_IF_STILL_CURRENT_WITH_EVIDENCE)	CURRENTNESS_CONTENT	P1_PROMOTED_BLOCKS_RELEASE	dc58fcc42ef9b4e6d15a129124eff54ce5d76e0e16e1e4f62115b64482e94fd2	true		01_EDUSCOL_OFFICIEL/LYCEE/SECONDE/SVT/04_EVALUATIONS_EXAMENS/2024/pour-la-voie-generale--dc58fcc42e.pdf											ARCHIVE_DECLARED	KEEP_IF_STILL_CURRENT_WITH_EVIDENCE|REPLACE_WITH_CURRENT_SOURCE|EXCLUDE_FROM_PROMOTED_RELEASE|HUMAN_REVIEW_REQUIRED						
4	$NEXUS_PII_REVIEW_ROOT/703cbd759841b016d5acac15df02a3c17ef273430e28f46fd5d9498b0606d3f5/document.pdf	HUMAN_DECISION + JUSTIFICATION_CATEGORY + REVIEWER_LOGIN (après ses findings)	PII_CONTENT	P1_PROMOTED_BLOCKS_RELEASE	703cbd759841b016d5acac15df02a3c17ef273430e28f46fd5d9498b0606d3f5	true	le-paradigme-fonctionnel-pdf-404-66-ko--703cbd7598	01_EDUSCOL_OFFICIEL/LYCEE/TERMINALE/NSI/04_EVALUATIONS_EXAMENS/2021/le-paradigme-fonctionnel-pdf-404-66-ko--703cbd7598.pdf	ELEVE	french_ssn|phone_french	6	4					703cbd759841b016d5acac15df02a3c17ef273430e28f46fd5d9498b0606d3f5	APPROVED/TECHNICAL_FALSE_POSITIVE	NEEDS_SECONDARY_EVIDENCE	PII_CLEARED|PII_REDACTION_REQUIRED|EXCLUDE_FROM_SERVABLE_SET|HUMAN_REVIEW_REQUIRED						
5	$NEXUS_PII_REVIEW_ROOT/703cbd759841b016d5acac15df02a3c17ef273430e28f46fd5d9498b0606d3f5/pages/page-0004.txt	FINDING_DISPOSITION	PII_FINDING	P1_PROMOTED_BLOCKS_RELEASE	703cbd759841b016d5acac15df02a3c17ef273430e28f46fd5d9498b0606d3f5	true			ELEVE				0c4ca5b9126177c767716b690da95421f6056bac0968a735e4ef595e5a9ef6b8	phone_french	4	NATIVE_TEXT	703cbd759841b016d5acac15df02a3c17ef273430e28f46fd5d9498b0606d3f5			FALSE_POSITIVE_TECHNICAL|PUBLIC_INSTITUTIONAL_DATA|SYNTHETIC_EXAMPLE|PERSONAL_DATA_PRESENT						
6	$NEXUS_PII_REVIEW_ROOT/703cbd759841b016d5acac15df02a3c17ef273430e28f46fd5d9498b0606d3f5/pages/page-0004.txt	FINDING_DISPOSITION	PII_FINDING	P1_PROMOTED_BLOCKS_RELEASE	703cbd759841b016d5acac15df02a3c17ef273430e28f46fd5d9498b0606d3f5	true			ELEVE				0ed726be2ca3ecafe5dedf214e4c34e3418ad144cd3c78eae314cff5e5a8ffb8	french_ssn	4	NATIVE_TEXT	703cbd759841b016d5acac15df02a3c17ef273430e28f46fd5d9498b0606d3f5			FALSE_POSITIVE_TECHNICAL|PUBLIC_INSTITUTIONAL_DATA|SYNTHETIC_EXAMPLE|PERSONAL_DATA_PRESENT						
7	$NEXUS_PII_REVIEW_ROOT/703cbd759841b016d5acac15df02a3c17ef273430e28f46fd5d9498b0606d3f5/pages/page-0004.txt	FINDING_DISPOSITION	PII_FINDING	P1_PROMOTED_BLOCKS_RELEASE	703cbd759841b016d5acac15df02a3c17ef273430e28f46fd5d9498b0606d3f5	true			ELEVE				77694e9e65ac8bf18b60cdd99e0a3457bb8af1a848cb50b08477622a98d8f87e	phone_french	4	NATIVE_TEXT	703cbd759841b016d5acac15df02a3c17ef273430e28f46fd5d9498b0606d3f5			FALSE_POSITIVE_TECHNICAL|PUBLIC_INSTITUTIONAL_DATA|SYNTHETIC_EXAMPLE|PERSONAL_DATA_PRESENT						
8	$NEXUS_PII_REVIEW_ROOT/703cbd759841b016d5acac15df02a3c17ef273430e28f46fd5d9498b0606d3f5/pages/page-0004.txt	FINDING_DISPOSITION	PII_FINDING	P1_PROMOTED_BLOCKS_RELEASE	703cbd759841b016d5acac15df02a3c17ef273430e28f46fd5d9498b0606d3f5	true			ELEVE				adff4d5c1c77f78bba666119997bfa82467ed48958afbf46e5b29be5b1a873b7	french_ssn	4	NATIVE_TEXT	703cbd759841b016d5acac15df02a3c17ef273430e28f46fd5d9498b0606d3f5			FALSE_POSITIVE_TECHNICAL|PUBLIC_INSTITUTIONAL_DATA|SYNTHETIC_EXAMPLE|PERSONAL_DATA_PRESENT						
9	$NEXUS_PII_REVIEW_ROOT/703cbd759841b016d5acac15df02a3c17ef273430e28f46fd5d9498b0606d3f5/pages/page-0004.txt	FINDING_DISPOSITION	PII_FINDING	P1_PROMOTED_BLOCKS_RELEASE	703cbd759841b016d5acac15df02a3c17ef273430e28f46fd5d9498b0606d3f5	true			ELEVE				cf8e243f1662fafc63884a5bea96ddbb206c3d707fc3e29838a24fa81c0c15ea	french_ssn	4	NATIVE_TEXT	703cbd759841b016d5acac15df02a3c17ef273430e28f46fd5d9498b0606d3f5			FALSE_POSITIVE_TECHNICAL|PUBLIC_INSTITUTIONAL_DATA|SYNTHETIC_EXAMPLE|PERSONAL_DATA_PRESENT						
10	$NEXUS_PII_REVIEW_ROOT/703cbd759841b016d5acac15df02a3c17ef273430e28f46fd5d9498b0606d3f5/pages/page-0004.txt	FINDING_DISPOSITION	PII_FINDING	P1_PROMOTED_BLOCKS_RELEASE	703cbd759841b016d5acac15df02a3c17ef273430e28f46fd5d9498b0606d3f5	true			ELEVE				cf9ca24cdc4fde18347b87b2afa3cdfff5c2eb041e330866b24e26c7438fb02c	french_ssn	4	NATIVE_TEXT	703cbd759841b016d5acac15df02a3c17ef273430e28f46fd5d9498b0606d3f5			FALSE_POSITIVE_TECHNICAL|PUBLIC_INSTITUTIONAL_DATA|SYNTHETIC_EXAMPLE|PERSONAL_DATA_PRESENT						
11	$NEXUS_PII_REVIEW_ROOT/04bf557a574c4d553fab35eb3175f6f638dd129ffa785ca640367ae5c109881c/document.pdf	HUMAN_DECISION + JUSTIFICATION_CATEGORY + REVIEWER_LOGIN (après ses findings)	PII_CONTENT	P1_PROMOTED_BLOCKS_RELEASE	04bf557a574c4d553fab35eb3175f6f638dd129ffa785ca640367ae5c109881c	true	la-conservation-des-genomes-stabilite-genetique-et-evolution-clonale-remobiliser-des-prerequis-et-presentation-orale-pdf-1-19-mo--04bf557a57	01_EDUSCOL_OFFICIEL/LYCEE/SECONDE/SVT/04_EVALUATIONS_EXAMENS/2021/la-conservation-des-genomes-stabilite-genetique-et-evolution-clonale-remobiliser-des-prerequis-et-presentation-orale-pdf-1-19-mo--04bf557a57.pdf	MOYEN	postal_address	1	9					04bf557a574c4d553fab35eb3175f6f638dd129ffa785ca640367ae5c109881c	APPROVED/TECHNICAL_FALSE_POSITIVE	NEEDS_SECONDARY_EVIDENCE	PII_CLEARED|PII_REDACTION_REQUIRED|EXCLUDE_FROM_SERVABLE_SET|HUMAN_REVIEW_REQUIRED						
12	$NEXUS_PII_REVIEW_ROOT/04bf557a574c4d553fab35eb3175f6f638dd129ffa785ca640367ae5c109881c/pages/page-0009.txt	FINDING_DISPOSITION	PII_FINDING	P1_PROMOTED_BLOCKS_RELEASE	04bf557a574c4d553fab35eb3175f6f638dd129ffa785ca640367ae5c109881c	true			MOYEN				cedd292b65b2c853196536d0a5e8b32e8cb2499c1a507b512038378d454b5b3f	postal_address	9	NATIVE_TEXT	04bf557a574c4d553fab35eb3175f6f638dd129ffa785ca640367ae5c109881c			FALSE_POSITIVE_TECHNICAL|PUBLIC_INSTITUTIONAL_DATA|SYNTHETIC_EXAMPLE|PERSONAL_DATA_PRESENT						
13	$NEXUS_PII_REVIEW_ROOT/0dda163a792284e1e0df97c0ee72e8c04722bd145684db49a7095cb3b8e6ddc3/document.pdf	HUMAN_DECISION + JUSTIFICATION_CATEGORY + REVIEWER_LOGIN (après ses findings)	PII_CONTENT	P1_PROMOTED_BLOCKS_RELEASE	0dda163a792284e1e0df97c0ee72e8c04722bd145684db49a7095cb3b8e6ddc3	true	former-les-eleves-a-des-techniques-de-biologie-moleculaire-et-de-bioinformatique-et-apprehender-le-concept-d-holobionte-pdf-5-31-m--0dda163a79	01_EDUSCOL_OFFICIEL/LYCEE/SECONDE/SVT/09_AUTRES/2020/former-les-eleves-a-des-techniques-de-biologie-moleculaire-et-de-bioinformatique-et-apprehender-le-concept-d-holobionte-pdf-5-31-m--0dda163a79.pdf	MOYEN	phone_french	1	4					0dda163a792284e1e0df97c0ee72e8c04722bd145684db49a7095cb3b8e6ddc3	APPROVED/TECHNICAL_FALSE_POSITIVE	NEEDS_SECONDARY_EVIDENCE	PII_CLEARED|PII_REDACTION_REQUIRED|EXCLUDE_FROM_SERVABLE_SET|HUMAN_REVIEW_REQUIRED						
14	$NEXUS_PII_REVIEW_ROOT/0dda163a792284e1e0df97c0ee72e8c04722bd145684db49a7095cb3b8e6ddc3/pages/page-0004.txt	FINDING_DISPOSITION	PII_FINDING	P1_PROMOTED_BLOCKS_RELEASE	0dda163a792284e1e0df97c0ee72e8c04722bd145684db49a7095cb3b8e6ddc3	true			MOYEN				450bdc3ab27452436215b8fd6bd9de4e4818a670652eddca09ad8bc044b989d9	phone_french	4	NATIVE_TEXT	0dda163a792284e1e0df97c0ee72e8c04722bd145684db49a7095cb3b8e6ddc3			FALSE_POSITIVE_TECHNICAL|PUBLIC_INSTITUTIONAL_DATA|SYNTHETIC_EXAMPLE|PERSONAL_DATA_PRESENT						
15	$NEXUS_PII_REVIEW_ROOT/28c92cd742c6bc29890360b79d2518ae1960076b8512e5ccfe40fd0fe3572f32/document.pdf	HUMAN_DECISION + JUSTIFICATION_CATEGORY + REVIEWER_LOGIN (après ses findings)	PII_CONTENT	P1_PROMOTED_BLOCKS_RELEASE	28c92cd742c6bc29890360b79d2518ae1960076b8512e5ccfe40fd0fe3572f32	true	modele-d-architecture-de-von-neumann-pdf-243-56-ko--28c92cd742	01_EDUSCOL_OFFICIEL/LYCEE/TRANSVERSAL_MULTI_NIVEAUX/80_A_VERIFIER/NSI/07_DIAPORAMAS_SUPPORTS/2019/modele-d-architecture-de-von-neumann-pdf-243-56-ko--28c92cd742.pdf	MOYEN	phone_french	4	5					28c92cd742c6bc29890360b79d2518ae1960076b8512e5ccfe40fd0fe3572f32	APPROVED/TECHNICAL_FALSE_POSITIVE	NEEDS_SECONDARY_EVIDENCE	PII_CLEARED|PII_REDACTION_REQUIRED|EXCLUDE_FROM_SERVABLE_SET|HUMAN_REVIEW_REQUIRED						
16	$NEXUS_PII_REVIEW_ROOT/28c92cd742c6bc29890360b79d2518ae1960076b8512e5ccfe40fd0fe3572f32/pages/page-0005.txt	FINDING_DISPOSITION	PII_FINDING	P1_PROMOTED_BLOCKS_RELEASE	28c92cd742c6bc29890360b79d2518ae1960076b8512e5ccfe40fd0fe3572f32	true			MOYEN				23b76e5fd418491c84351c047355f64ed12c84577e1e6123bd3bc99c4e54ae75	phone_french	5	NATIVE_TEXT	28c92cd742c6bc29890360b79d2518ae1960076b8512e5ccfe40fd0fe3572f32			FALSE_POSITIVE_TECHNICAL|PUBLIC_INSTITUTIONAL_DATA|SYNTHETIC_EXAMPLE|PERSONAL_DATA_PRESENT						
17	$NEXUS_PII_REVIEW_ROOT/28c92cd742c6bc29890360b79d2518ae1960076b8512e5ccfe40fd0fe3572f32/pages/page-0005.txt	FINDING_DISPOSITION	PII_FINDING	P1_PROMOTED_BLOCKS_RELEASE	28c92cd742c6bc29890360b79d2518ae1960076b8512e5ccfe40fd0fe3572f32	true			MOYEN				72fcea96a232c641940241ecf1f3651bfe5fd768d4c54868efbc8dcc0d077500	phone_french	5	NATIVE_TEXT	28c92cd742c6bc29890360b79d2518ae1960076b8512e5ccfe40fd0fe3572f32			FALSE_POSITIVE_TECHNICAL|PUBLIC_INSTITUTIONAL_DATA|SYNTHETIC_EXAMPLE|PERSONAL_DATA_PRESENT						
18	$NEXUS_PII_REVIEW_ROOT/28c92cd742c6bc29890360b79d2518ae1960076b8512e5ccfe40fd0fe3572f32/pages/page-0005.txt	FINDING_DISPOSITION	PII_FINDING	P1_PROMOTED_BLOCKS_RELEASE	28c92cd742c6bc29890360b79d2518ae1960076b8512e5ccfe40fd0fe3572f32	true			MOYEN				bf51e9351d81218907b0ea199c9b69fd2c2a06cb480fa7061e6247aa8b655720	phone_french	5	NATIVE_TEXT	28c92cd742c6bc29890360b79d2518ae1960076b8512e5ccfe40fd0fe3572f32			FALSE_POSITIVE_TECHNICAL|PUBLIC_INSTITUTIONAL_DATA|SYNTHETIC_EXAMPLE|PERSONAL_DATA_PRESENT						
19	$NEXUS_PII_REVIEW_ROOT/28c92cd742c6bc29890360b79d2518ae1960076b8512e5ccfe40fd0fe3572f32/pages/page-0005.txt	FINDING_DISPOSITION	PII_FINDING	P1_PROMOTED_BLOCKS_RELEASE	28c92cd742c6bc29890360b79d2518ae1960076b8512e5ccfe40fd0fe3572f32	true			MOYEN				cf1b1eb22a803570ac127003be51cce73eccc15ed0d23a35cc586c4c1b8f11d7	phone_french	5	NATIVE_TEXT	28c92cd742c6bc29890360b79d2518ae1960076b8512e5ccfe40fd0fe3572f32			FALSE_POSITIVE_TECHNICAL|PUBLIC_INSTITUTIONAL_DATA|SYNTHETIC_EXAMPLE|PERSONAL_DATA_PRESENT						
20	$NEXUS_PII_REVIEW_ROOT/28f92cfe1c81f2a4bab17aa2a9bff9a05f43a265ecad03214fe452a4ac53202d/document.pdf	HUMAN_DECISION + JUSTIFICATION_CATEGORY + REVIEWER_LOGIN (après ses findings)	PII_CONTENT	P1_PROMOTED_BLOCKS_RELEASE	28f92cfe1c81f2a4bab17aa2a9bff9a05f43a265ecad03214fe452a4ac53202d	true	ecriture-de-tests-pdf-543-48-ko--28f92cfe1c	01_EDUSCOL_OFFICIEL/LYCEE/TERMINALE/NSI/03_RESSOURCES_ACCOMPAGNEMENT/2021/ecriture-de-tests-pdf-543-48-ko--28f92cfe1c.pdf	MOYEN	postal_address	1	7					28f92cfe1c81f2a4bab17aa2a9bff9a05f43a265ecad03214fe452a4ac53202d	APPROVED/TECHNICAL_FALSE_POSITIVE	NEEDS_SECONDARY_EVIDENCE	PII_CLEARED|PII_REDACTION_REQUIRED|EXCLUDE_FROM_SERVABLE_SET|HUMAN_REVIEW_REQUIRED						
21	$NEXUS_PII_REVIEW_ROOT/28f92cfe1c81f2a4bab17aa2a9bff9a05f43a265ecad03214fe452a4ac53202d/pages/page-0007.txt	FINDING_DISPOSITION	PII_FINDING	P1_PROMOTED_BLOCKS_RELEASE	28f92cfe1c81f2a4bab17aa2a9bff9a05f43a265ecad03214fe452a4ac53202d	true			MOYEN				da4ccf3425cb6ee4ba6cf124b9c195cfa25fec73a77b35f66a5cf0c363ae1499	postal_address	7	NATIVE_TEXT	28f92cfe1c81f2a4bab17aa2a9bff9a05f43a265ecad03214fe452a4ac53202d			FALSE_POSITIVE_TECHNICAL|PUBLIC_INSTITUTIONAL_DATA|SYNTHETIC_EXAMPLE|PERSONAL_DATA_PRESENT						
22	$NEXUS_PII_REVIEW_ROOT/2d0745ca845f8e30192d5c59aacb9fd6f60bcdb27007b00155107aa65c25e120/document.pdf	HUMAN_DECISION + JUSTIFICATION_CATEGORY + REVIEWER_LOGIN (après ses findings)	PII_CONTENT	P1_PROMOTED_BLOCKS_RELEASE	2d0745ca845f8e30192d5c59aacb9fd6f60bcdb27007b00155107aa65c25e120	true	des-ressources-numeriques-pour-accompagner-l-etude-des-uvres-au-programme-le-roman-et-le-recit-du-moyen-age-au-xxie-siecle-pdf-177--2d0745ca84	01_EDUSCOL_OFFICIEL/LYCEE/TRANSVERSAL_MULTI_NIVEAUX/80_A_VERIFIER/_MULTI_DISCIPLINES/01_PROGRAMMES_OFFICIELS/2023/des-ressources-numeriques-pour-accompagner-l-etude-des-uvres-au-programme-le-roman-et-le-recit-du-moyen-age-au-xxie-siecle-pdf-177--2d0745ca84.pdf	MOYEN	phone_french	2	5					2d0745ca845f8e30192d5c59aacb9fd6f60bcdb27007b00155107aa65c25e120	APPROVED/TECHNICAL_FALSE_POSITIVE	NEEDS_SECONDARY_EVIDENCE	PII_CLEARED|PII_REDACTION_REQUIRED|EXCLUDE_FROM_SERVABLE_SET|HUMAN_REVIEW_REQUIRED						
23	$NEXUS_PII_REVIEW_ROOT/2d0745ca845f8e30192d5c59aacb9fd6f60bcdb27007b00155107aa65c25e120/pages/page-0005.txt	FINDING_DISPOSITION	PII_FINDING	P1_PROMOTED_BLOCKS_RELEASE	2d0745ca845f8e30192d5c59aacb9fd6f60bcdb27007b00155107aa65c25e120	true			MOYEN				727d3c7e247e99666c2252f3981848e6d93456537957fa45ef93fc7846afeecd	phone_french	5	NATIVE_TEXT	2d0745ca845f8e30192d5c59aacb9fd6f60bcdb27007b00155107aa65c25e120			FALSE_POSITIVE_TECHNICAL|PUBLIC_INSTITUTIONAL_DATA|SYNTHETIC_EXAMPLE|PERSONAL_DATA_PRESENT						
24	$NEXUS_PII_REVIEW_ROOT/2d0745ca845f8e30192d5c59aacb9fd6f60bcdb27007b00155107aa65c25e120/pages/page-0005.txt	FINDING_DISPOSITION	PII_FINDING	P1_PROMOTED_BLOCKS_RELEASE	2d0745ca845f8e30192d5c59aacb9fd6f60bcdb27007b00155107aa65c25e120	true			MOYEN				99f9b712759e9ef8b82fcb9df77cd0e781c5c7b9a1905f4e9abe6a8cb6e99907	phone_french	5	NATIVE_TEXT	2d0745ca845f8e30192d5c59aacb9fd6f60bcdb27007b00155107aa65c25e120			FALSE_POSITIVE_TECHNICAL|PUBLIC_INSTITUTIONAL_DATA|SYNTHETIC_EXAMPLE|PERSONAL_DATA_PRESENT						
25	$NEXUS_PII_REVIEW_ROOT/3f1ab328a0c11f40a0abf85dccdf29dc17d80159dc01bee189a10017d0fbd3e6/document.pdf	HUMAN_DECISION + JUSTIFICATION_CATEGORY + REVIEWER_LOGIN (après ses findings)	PII_CONTENT	P1_PROMOTED_BLOCKS_RELEASE	3f1ab328a0c11f40a0abf85dccdf29dc17d80159dc01bee189a10017d0fbd3e6	true	variation-genetique-et-sante-risque-de-transmission-de-la-mucoviscidose-chez-un-couple-dont-l-homme-est-heterozygote-composite-pdf--3f1ab328a0	01_EDUSCOL_OFFICIEL/LYCEE/SECONDE/SVT/09_AUTRES/2020/variation-genetique-et-sante-risque-de-transmission-de-la-mucoviscidose-chez-un-couple-dont-l-homme-est-heterozygote-composite-pdf--3f1ab328a0.pdf	MOYEN	postal_address	2	8|9					3f1ab328a0c11f40a0abf85dccdf29dc17d80159dc01bee189a10017d0fbd3e6	APPROVED/PUBLIC_OFFICIAL_PUBLICATION	NEEDS_SECONDARY_EVIDENCE	PII_CLEARED|PII_REDACTION_REQUIRED|EXCLUDE_FROM_SERVABLE_SET|HUMAN_REVIEW_REQUIRED						
26	$NEXUS_PII_REVIEW_ROOT/3f1ab328a0c11f40a0abf85dccdf29dc17d80159dc01bee189a10017d0fbd3e6/pages/page-0009.txt	FINDING_DISPOSITION	PII_FINDING	P1_PROMOTED_BLOCKS_RELEASE	3f1ab328a0c11f40a0abf85dccdf29dc17d80159dc01bee189a10017d0fbd3e6	true			MOYEN				1243c0aae06fb362741a4edcacc3b35c4c3a7cb6ffd0e0db3580c976f3c50458	postal_address	9	NATIVE_TEXT	3f1ab328a0c11f40a0abf85dccdf29dc17d80159dc01bee189a10017d0fbd3e6			FALSE_POSITIVE_TECHNICAL|PUBLIC_INSTITUTIONAL_DATA|SYNTHETIC_EXAMPLE|PERSONAL_DATA_PRESENT						
27	$NEXUS_PII_REVIEW_ROOT/3f1ab328a0c11f40a0abf85dccdf29dc17d80159dc01bee189a10017d0fbd3e6/pages/page-0008.txt	FINDING_DISPOSITION	PII_FINDING	P1_PROMOTED_BLOCKS_RELEASE	3f1ab328a0c11f40a0abf85dccdf29dc17d80159dc01bee189a10017d0fbd3e6	true			MOYEN				afe0a3e64f1b7d32bd00310371a3051530b3e63ab51e4c3b263c9d5a742a5535	postal_address	8	NATIVE_TEXT	3f1ab328a0c11f40a0abf85dccdf29dc17d80159dc01bee189a10017d0fbd3e6			FALSE_POSITIVE_TECHNICAL|PUBLIC_INSTITUTIONAL_DATA|SYNTHETIC_EXAMPLE|PERSONAL_DATA_PRESENT						
28	$NEXUS_PII_REVIEW_ROOT/447bdee89af9f0ab07460bd279f81647824c2d91ba7be1eff6daa133c5e8467d/document.pdf	HUMAN_DECISION + JUSTIFICATION_CATEGORY + REVIEWER_LOGIN (après ses findings)	PII_CONTENT	P1_PROMOTED_BLOCKS_RELEASE	447bdee89af9f0ab07460bd279f81647824c2d91ba7be1eff6daa133c5e8467d	true	types-construits-en-python-pdf-159-07-ko--447bdee89a	01_EDUSCOL_OFFICIEL/LYCEE/PREMIERE/NSI/07_DIAPORAMAS_SUPPORTS/2019/types-construits-en-python-pdf-159-07-ko--447bdee89a.pdf	MOYEN	phone_french	1	3					447bdee89af9f0ab07460bd279f81647824c2d91ba7be1eff6daa133c5e8467d	APPROVED/TECHNICAL_FALSE_POSITIVE	CURRENT_DECLARED	PII_CLEARED|PII_REDACTION_REQUIRED|EXCLUDE_FROM_SERVABLE_SET|HUMAN_REVIEW_REQUIRED						
29	$NEXUS_PII_REVIEW_ROOT/447bdee89af9f0ab07460bd279f81647824c2d91ba7be1eff6daa133c5e8467d/pages/page-0003.txt	FINDING_DISPOSITION	PII_FINDING	P1_PROMOTED_BLOCKS_RELEASE	447bdee89af9f0ab07460bd279f81647824c2d91ba7be1eff6daa133c5e8467d	true			MOYEN				6b089fae72898b3bf2a0591f8fccd8e03ca33e65eb0f760639798e99c8197218	phone_french	3	NATIVE_TEXT	447bdee89af9f0ab07460bd279f81647824c2d91ba7be1eff6daa133c5e8467d			FALSE_POSITIVE_TECHNICAL|PUBLIC_INSTITUTIONAL_DATA|SYNTHETIC_EXAMPLE|PERSONAL_DATA_PRESENT						
30	$NEXUS_PII_REVIEW_ROOT/461e89b1b1a24a83a1598fe3d55a1aa040d9e305f63b8348bc6042ce96d5687b/document.pdf	HUMAN_DECISION + JUSTIFICATION_CATEGORY + REVIEWER_LOGIN (après ses findings)	PII_CONTENT	P1_PROMOTED_BLOCKS_RELEASE	461e89b1b1a24a83a1598fe3d55a1aa040d9e305f63b8348bc6042ce96d5687b	true	manipulation-de-tables-pdf-144-44-ko--461e89b1b1	01_EDUSCOL_OFFICIEL/LYCEE/PREMIERE/NSI/07_DIAPORAMAS_SUPPORTS/2019/manipulation-de-tables-pdf-144-44-ko--461e89b1b1.pdf	MOYEN	postal_address	3	1					461e89b1b1a24a83a1598fe3d55a1aa040d9e305f63b8348bc6042ce96d5687b	APPROVED/PEDAGOGICAL_EXAMPLE	NEEDS_SECONDARY_EVIDENCE	PII_CLEARED|PII_REDACTION_REQUIRED|EXCLUDE_FROM_SERVABLE_SET|HUMAN_REVIEW_REQUIRED						
31	$NEXUS_PII_REVIEW_ROOT/461e89b1b1a24a83a1598fe3d55a1aa040d9e305f63b8348bc6042ce96d5687b/pages/page-0001.txt	FINDING_DISPOSITION	PII_FINDING	P1_PROMOTED_BLOCKS_RELEASE	461e89b1b1a24a83a1598fe3d55a1aa040d9e305f63b8348bc6042ce96d5687b	true			MOYEN				0c983ae20a92bea9487740cfc9f180e4a42244696dffd883c490728efd6e2498	postal_address	1	NATIVE_TEXT	461e89b1b1a24a83a1598fe3d55a1aa040d9e305f63b8348bc6042ce96d5687b			FALSE_POSITIVE_TECHNICAL|PUBLIC_INSTITUTIONAL_DATA|SYNTHETIC_EXAMPLE|PERSONAL_DATA_PRESENT						
32	$NEXUS_PII_REVIEW_ROOT/461e89b1b1a24a83a1598fe3d55a1aa040d9e305f63b8348bc6042ce96d5687b/pages/page-0001.txt	FINDING_DISPOSITION	PII_FINDING	P1_PROMOTED_BLOCKS_RELEASE	461e89b1b1a24a83a1598fe3d55a1aa040d9e305f63b8348bc6042ce96d5687b	true			MOYEN				b23ccb811db8f08cc957bc5db2d289c0f7ef3e96f4609e3ce6eddbca57aeebe1	postal_address	1	NATIVE_TEXT	461e89b1b1a24a83a1598fe3d55a1aa040d9e305f63b8348bc6042ce96d5687b			FALSE_POSITIVE_TECHNICAL|PUBLIC_INSTITUTIONAL_DATA|SYNTHETIC_EXAMPLE|PERSONAL_DATA_PRESENT						
33	$NEXUS_PII_REVIEW_ROOT/461e89b1b1a24a83a1598fe3d55a1aa040d9e305f63b8348bc6042ce96d5687b/pages/page-0001.txt	FINDING_DISPOSITION	PII_FINDING	P1_PROMOTED_BLOCKS_RELEASE	461e89b1b1a24a83a1598fe3d55a1aa040d9e305f63b8348bc6042ce96d5687b	true			MOYEN				f7a1a15350c4eb39215f5a9f0cb15a2776108857b0af3ae1820096d9ebbaf28b	postal_address	1	NATIVE_TEXT	461e89b1b1a24a83a1598fe3d55a1aa040d9e305f63b8348bc6042ce96d5687b			FALSE_POSITIVE_TECHNICAL|PUBLIC_INSTITUTIONAL_DATA|SYNTHETIC_EXAMPLE|PERSONAL_DATA_PRESENT						
34	$NEXUS_PII_REVIEW_ROOT/5a8d69d488b341c6d82e0bafbef8fc8ce920392681548e209532021684907f54/document.pdf	HUMAN_DECISION + JUSTIFICATION_CATEGORY + REVIEWER_LOGIN (après ses findings)	PII_CONTENT	P1_PROMOTED_BLOCKS_RELEASE	5a8d69d488b341c6d82e0bafbef8fc8ce920392681548e209532021684907f54	true	dossier-de-presse-eutrophisation-pdf-1-54-mo--5a8d69d488	01_EDUSCOL_OFFICIEL/LYCEE/SECONDE/SVT/09_AUTRES/2014/dossier-de-presse-eutrophisation-pdf-1-54-mo--5a8d69d488.pdf	MOYEN	email_address|phone_french	3	17					5a8d69d488b341c6d82e0bafbef8fc8ce920392681548e209532021684907f54	APPROVED/INSTITUTIONAL_CONTACT	NEEDS_SECONDARY_EVIDENCE	PII_CLEARED|PII_REDACTION_REQUIRED|EXCLUDE_FROM_SERVABLE_SET|HUMAN_REVIEW_REQUIRED						
35	$NEXUS_PII_REVIEW_ROOT/5a8d69d488b341c6d82e0bafbef8fc8ce920392681548e209532021684907f54/pages/page-0017.txt	FINDING_DISPOSITION	PII_FINDING	P1_PROMOTED_BLOCKS_RELEASE	5a8d69d488b341c6d82e0bafbef8fc8ce920392681548e209532021684907f54	true			MOYEN				b4194430c6ffc91950b5699ddf5a45ab93334b499ff6ef5e4ae1acd63cd3050f	email_address	17	NATIVE_TEXT	5a8d69d488b341c6d82e0bafbef8fc8ce920392681548e209532021684907f54			FALSE_POSITIVE_TECHNICAL|PUBLIC_INSTITUTIONAL_DATA|SYNTHETIC_EXAMPLE|PERSONAL_DATA_PRESENT						
36	$NEXUS_PII_REVIEW_ROOT/5a8d69d488b341c6d82e0bafbef8fc8ce920392681548e209532021684907f54/pages/page-0017.txt	FINDING_DISPOSITION	PII_FINDING	P1_PROMOTED_BLOCKS_RELEASE	5a8d69d488b341c6d82e0bafbef8fc8ce920392681548e209532021684907f54	true			MOYEN				e6b35f3c5be0aabc2ada88ca99ba16629ecc5fd538bd8ccce61f946ebc02107e	phone_french	17	NATIVE_TEXT	5a8d69d488b341c6d82e0bafbef8fc8ce920392681548e209532021684907f54			FALSE_POSITIVE_TECHNICAL|PUBLIC_INSTITUTIONAL_DATA|SYNTHETIC_EXAMPLE|PERSONAL_DATA_PRESENT						
37	$NEXUS_PII_REVIEW_ROOT/5a8d69d488b341c6d82e0bafbef8fc8ce920392681548e209532021684907f54/pages/page-0017.txt	FINDING_DISPOSITION	PII_FINDING	P1_PROMOTED_BLOCKS_RELEASE	5a8d69d488b341c6d82e0bafbef8fc8ce920392681548e209532021684907f54	true			MOYEN				ef8b2991a612ee9be4883b29bf2260d33883a8e0097ce2c1e07c209b706e04d0	phone_french	17	NATIVE_TEXT	5a8d69d488b341c6d82e0bafbef8fc8ce920392681548e209532021684907f54			FALSE_POSITIVE_TECHNICAL|PUBLIC_INSTITUTIONAL_DATA|SYNTHETIC_EXAMPLE|PERSONAL_DATA_PRESENT						
38	$NEXUS_PII_REVIEW_ROOT/62d9ac2834082bce93300fd19cc042595fcd506e94c9cabc80bb942c2d798380/document.pdf	HUMAN_DECISION + JUSTIFICATION_CATEGORY + REVIEWER_LOGIN (après ses findings)	PII_CONTENT	P1_PROMOTED_BLOCKS_RELEASE	62d9ac2834082bce93300fd19cc042595fcd506e94c9cabc80bb942c2d798380	true	qu-est-ce-que-la-monnaie-et-comment-est-elle-creee-pdf-531-52-ko--62d9ac2834	01_EDUSCOL_OFFICIEL/LYCEE/TRANSVERSAL_MULTI_NIVEAUX/80_A_VERIFIER/SES/03_RESSOURCES_ACCOMPAGNEMENT/2019/qu-est-ce-que-la-monnaie-et-comment-est-elle-creee-pdf-531-52-ko--62d9ac2834.pdf	MOYEN	postal_address	1	8					62d9ac2834082bce93300fd19cc042595fcd506e94c9cabc80bb942c2d798380	APPROVED/INSTITUTIONAL_CONTACT	NEEDS_SECONDARY_EVIDENCE	PII_CLEARED|PII_REDACTION_REQUIRED|EXCLUDE_FROM_SERVABLE_SET|HUMAN_REVIEW_REQUIRED						
39	$NEXUS_PII_REVIEW_ROOT/62d9ac2834082bce93300fd19cc042595fcd506e94c9cabc80bb942c2d798380/pages/page-0008.txt	FINDING_DISPOSITION	PII_FINDING	P1_PROMOTED_BLOCKS_RELEASE	62d9ac2834082bce93300fd19cc042595fcd506e94c9cabc80bb942c2d798380	true			MOYEN				18de8ca14060faca9e415953b34b4a662354b5f669996dfb2517fd556cd03bc2	postal_address	8	NATIVE_TEXT	62d9ac2834082bce93300fd19cc042595fcd506e94c9cabc80bb942c2d798380			FALSE_POSITIVE_TECHNICAL|PUBLIC_INSTITUTIONAL_DATA|SYNTHETIC_EXAMPLE|PERSONAL_DATA_PRESENT						
40	$NEXUS_PII_REVIEW_ROOT/6a7942128b8404ac0b98e819c0f1482a6bac353bd2ea5a6269f7081676a65150/document.pdf	HUMAN_DECISION + JUSTIFICATION_CATEGORY + REVIEWER_LOGIN (après ses findings)	PII_CONTENT	P1_PROMOTED_BLOCKS_RELEASE	6a7942128b8404ac0b98e819c0f1482a6bac353bd2ea5a6269f7081676a65150	true	la-question-de-grammaire-de-l-epreuve-anticipee-orale-de-francais-precisions-sur-sa-definition--6a7942128b	01_EDUSCOL_OFFICIEL/LYCEE/PREMIERE/FRANCAIS/01_PROGRAMMES_OFFICIELS/2022/la-question-de-grammaire-de-l-epreuve-anticipee-orale-de-francais-precisions-sur-sa-definition--6a7942128b.pdf	MOYEN	postal_address	1	3					6a7942128b8404ac0b98e819c0f1482a6bac353bd2ea5a6269f7081676a65150	APPROVED/TECHNICAL_FALSE_POSITIVE	NEEDS_SECONDARY_EVIDENCE	PII_CLEARED|PII_REDACTION_REQUIRED|EXCLUDE_FROM_SERVABLE_SET|HUMAN_REVIEW_REQUIRED						
41	$NEXUS_PII_REVIEW_ROOT/6a7942128b8404ac0b98e819c0f1482a6bac353bd2ea5a6269f7081676a65150/pages/page-0003.txt	FINDING_DISPOSITION	PII_FINDING	P1_PROMOTED_BLOCKS_RELEASE	6a7942128b8404ac0b98e819c0f1482a6bac353bd2ea5a6269f7081676a65150	true			MOYEN				f968b36b71b41d048348a7fd039b2ff8f39d3a752ad47ebb5f7e5b41b07ca9a3	postal_address	3	NATIVE_TEXT	6a7942128b8404ac0b98e819c0f1482a6bac353bd2ea5a6269f7081676a65150			FALSE_POSITIVE_TECHNICAL|PUBLIC_INSTITUTIONAL_DATA|SYNTHETIC_EXAMPLE|PERSONAL_DATA_PRESENT						
42	$NEXUS_PII_REVIEW_ROOT/936c1e54b1099bfb06a30ed68c743c9e3d1b51db4158ef7e5a4ae786caad080a/document.pdf	HUMAN_DECISION + JUSTIFICATION_CATEGORY + REVIEWER_LOGIN (après ses findings)	PII_CONTENT	P1_PROMOTED_BLOCKS_RELEASE	936c1e54b1099bfb06a30ed68c743c9e3d1b51db4158ef7e5a4ae786caad080a	true	les-circuits-pdf-4-51-mo--936c1e54b1	01_EDUSCOL_OFFICIEL/LYCEE/TRANSVERSAL_MULTI_NIVEAUX/80_A_VERIFIER/NSI/09_AUTRES/2021/les-circuits-pdf-4-51-mo--936c1e54b1.pdf	MOYEN	postal_address|student_name_pattern	2	12|14					936c1e54b1099bfb06a30ed68c743c9e3d1b51db4158ef7e5a4ae786caad080a	APPROVED/TECHNICAL_FALSE_POSITIVE	NEEDS_SECONDARY_EVIDENCE	PII_CLEARED|PII_REDACTION_REQUIRED|EXCLUDE_FROM_SERVABLE_SET|HUMAN_REVIEW_REQUIRED						
43	$NEXUS_PII_REVIEW_ROOT/936c1e54b1099bfb06a30ed68c743c9e3d1b51db4158ef7e5a4ae786caad080a/pages/page-0012.txt	FINDING_DISPOSITION	PII_FINDING	P1_PROMOTED_BLOCKS_RELEASE	936c1e54b1099bfb06a30ed68c743c9e3d1b51db4158ef7e5a4ae786caad080a	true			MOYEN				4fedf8a2646f2b30f65953f2403a7701416e959451531308ef60ff53042ab7be	student_name_pattern	12	NATIVE_TEXT	936c1e54b1099bfb06a30ed68c743c9e3d1b51db4158ef7e5a4ae786caad080a			FALSE_POSITIVE_TECHNICAL|PUBLIC_INSTITUTIONAL_DATA|SYNTHETIC_EXAMPLE|PERSONAL_DATA_PRESENT						
44	$NEXUS_PII_REVIEW_ROOT/936c1e54b1099bfb06a30ed68c743c9e3d1b51db4158ef7e5a4ae786caad080a/pages/page-0014.txt	FINDING_DISPOSITION	PII_FINDING	P1_PROMOTED_BLOCKS_RELEASE	936c1e54b1099bfb06a30ed68c743c9e3d1b51db4158ef7e5a4ae786caad080a	true			MOYEN				8048421a6d460eb4639c844e9c966df1a11e9682d23c158d318d6a4d2da79cc3	postal_address	14	NATIVE_TEXT	936c1e54b1099bfb06a30ed68c743c9e3d1b51db4158ef7e5a4ae786caad080a			FALSE_POSITIVE_TECHNICAL|PUBLIC_INSTITUTIONAL_DATA|SYNTHETIC_EXAMPLE|PERSONAL_DATA_PRESENT						
45	$NEXUS_PII_REVIEW_ROOT/93b7e446273c0d36863ab8f86a39fb91dccb920ebd00e5be020f559253f9a17d/document.pdf	HUMAN_DECISION + JUSTIFICATION_CATEGORY + REVIEWER_LOGIN (après ses findings)	PII_CONTENT	P1_PROMOTED_BLOCKS_RELEASE	93b7e446273c0d36863ab8f86a39fb91dccb920ebd00e5be020f559253f9a17d	true	diversite-et-unite-des-langages-de-programmation-pdf-161-08-ko--93b7e44627	01_EDUSCOL_OFFICIEL/LYCEE/TRANSVERSAL_MULTI_NIVEAUX/80_A_VERIFIER/NSI/07_DIAPORAMAS_SUPPORTS/2019/diversite-et-unite-des-langages-de-programmation-pdf-161-08-ko--93b7e44627.pdf	MOYEN	postal_address	1	5					93b7e446273c0d36863ab8f86a39fb91dccb920ebd00e5be020f559253f9a17d	APPROVED/TECHNICAL_FALSE_POSITIVE	NEEDS_SECONDARY_EVIDENCE	PII_CLEARED|PII_REDACTION_REQUIRED|EXCLUDE_FROM_SERVABLE_SET|HUMAN_REVIEW_REQUIRED						
46	$NEXUS_PII_REVIEW_ROOT/93b7e446273c0d36863ab8f86a39fb91dccb920ebd00e5be020f559253f9a17d/pages/page-0005.txt	FINDING_DISPOSITION	PII_FINDING	P1_PROMOTED_BLOCKS_RELEASE	93b7e446273c0d36863ab8f86a39fb91dccb920ebd00e5be020f559253f9a17d	true			MOYEN				7b7b4c3f6c932354796483944130d2abc2c5dbe46dcac6abfad360e7ad7891b8	postal_address	5	NATIVE_TEXT	93b7e446273c0d36863ab8f86a39fb91dccb920ebd00e5be020f559253f9a17d			FALSE_POSITIVE_TECHNICAL|PUBLIC_INSTITUTIONAL_DATA|SYNTHETIC_EXAMPLE|PERSONAL_DATA_PRESENT						
47	$NEXUS_PII_REVIEW_ROOT/d05da0bb13bdad4745e0310f24bdab1bcd7df5bfa0a99fbc7ae4238898e220b2/document.pdf	HUMAN_DECISION + JUSTIFICATION_CATEGORY + REVIEWER_LOGIN (après ses findings)	PII_CONTENT	P1_PROMOTED_BLOCKS_RELEASE	d05da0bb13bdad4745e0310f24bdab1bcd7df5bfa0a99fbc7ae4238898e220b2	true	securisation-des-communications-pdf-874-59-ko--d05da0bb13	01_EDUSCOL_OFFICIEL/LYCEE/TRANSVERSAL_MULTI_NIVEAUX/80_A_VERIFIER/NSI/03_RESSOURCES_ACCOMPAGNEMENT/2021/securisation-des-communications-pdf-874-59-ko--d05da0bb13.pdf	MOYEN	postal_address	3	7					d05da0bb13bdad4745e0310f24bdab1bcd7df5bfa0a99fbc7ae4238898e220b2	APPROVED/TECHNICAL_FALSE_POSITIVE	NEEDS_SECONDARY_EVIDENCE	PII_CLEARED|PII_REDACTION_REQUIRED|EXCLUDE_FROM_SERVABLE_SET|HUMAN_REVIEW_REQUIRED						
48	$NEXUS_PII_REVIEW_ROOT/d05da0bb13bdad4745e0310f24bdab1bcd7df5bfa0a99fbc7ae4238898e220b2/pages/page-0007.txt	FINDING_DISPOSITION	PII_FINDING	P1_PROMOTED_BLOCKS_RELEASE	d05da0bb13bdad4745e0310f24bdab1bcd7df5bfa0a99fbc7ae4238898e220b2	true			MOYEN				4583963bffe6842c9a33f9e64bebda591fde4dc8d5b9502be9116871d2ce287e	postal_address	7	NATIVE_TEXT	d05da0bb13bdad4745e0310f24bdab1bcd7df5bfa0a99fbc7ae4238898e220b2			FALSE_POSITIVE_TECHNICAL|PUBLIC_INSTITUTIONAL_DATA|SYNTHETIC_EXAMPLE|PERSONAL_DATA_PRESENT						
49	$NEXUS_PII_REVIEW_ROOT/d05da0bb13bdad4745e0310f24bdab1bcd7df5bfa0a99fbc7ae4238898e220b2/pages/page-0007.txt	FINDING_DISPOSITION	PII_FINDING	P1_PROMOTED_BLOCKS_RELEASE	d05da0bb13bdad4745e0310f24bdab1bcd7df5bfa0a99fbc7ae4238898e220b2	true			MOYEN				bb950d4c531e80ca38ad275061407b0406b958b73f9913fc91e9a9e29a0670d5	postal_address	7	NATIVE_TEXT	d05da0bb13bdad4745e0310f24bdab1bcd7df5bfa0a99fbc7ae4238898e220b2			FALSE_POSITIVE_TECHNICAL|PUBLIC_INSTITUTIONAL_DATA|SYNTHETIC_EXAMPLE|PERSONAL_DATA_PRESENT						
50	$NEXUS_PII_REVIEW_ROOT/d05da0bb13bdad4745e0310f24bdab1bcd7df5bfa0a99fbc7ae4238898e220b2/pages/page-0007.txt	FINDING_DISPOSITION	PII_FINDING	P1_PROMOTED_BLOCKS_RELEASE	d05da0bb13bdad4745e0310f24bdab1bcd7df5bfa0a99fbc7ae4238898e220b2	true			MOYEN				cd68c951333a33be04cc5af90101e49267a2ae50d7e08a55b7012edbd8ed3f7e	postal_address	7	NATIVE_TEXT	d05da0bb13bdad4745e0310f24bdab1bcd7df5bfa0a99fbc7ae4238898e220b2			FALSE_POSITIVE_TECHNICAL|PUBLIC_INSTITUTIONAL_DATA|SYNTHETIC_EXAMPLE|PERSONAL_DATA_PRESENT						
51	$NEXUS_PII_REVIEW_ROOT/e1309f6255fbbc93d554c71b0ab2e98d176d27870edd15432d1b48a614d57294/document.pdf	HUMAN_DECISION + JUSTIFICATION_CATEGORY + REVIEWER_LOGIN (après ses findings)	PII_CONTENT	P1_PROMOTED_BLOCKS_RELEASE	e1309f6255fbbc93d554c71b0ab2e98d176d27870edd15432d1b48a614d57294	true	trajectoires-et-strategies-d-attenuation-pdf-1-43-mo--e1309f6255	01_EDUSCOL_OFFICIEL/LYCEE/SECONDE/SVT/04_EVALUATIONS_EXAMENS/2020/trajectoires-et-strategies-d-attenuation-pdf-1-43-mo--e1309f6255.pdf	MOYEN	phone_french	1	9					e1309f6255fbbc93d554c71b0ab2e98d176d27870edd15432d1b48a614d57294	APPROVED/INSTITUTIONAL_CONTACT	NEEDS_SECONDARY_EVIDENCE	PII_CLEARED|PII_REDACTION_REQUIRED|EXCLUDE_FROM_SERVABLE_SET|HUMAN_REVIEW_REQUIRED						
52	$NEXUS_PII_REVIEW_ROOT/e1309f6255fbbc93d554c71b0ab2e98d176d27870edd15432d1b48a614d57294/pages/page-0009.txt	FINDING_DISPOSITION	PII_FINDING	P1_PROMOTED_BLOCKS_RELEASE	e1309f6255fbbc93d554c71b0ab2e98d176d27870edd15432d1b48a614d57294	true			MOYEN				394d8a3ffe40a6df75e797741bb48bce072b190fe4729dc212a205ec688c2fd3	phone_french	9	NATIVE_TEXT	e1309f6255fbbc93d554c71b0ab2e98d176d27870edd15432d1b48a614d57294			FALSE_POSITIVE_TECHNICAL|PUBLIC_INSTITUTIONAL_DATA|SYNTHETIC_EXAMPLE|PERSONAL_DATA_PRESENT						
53	$NEXUS_PII_REVIEW_ROOT/e20b73d10c46a2e681422756b7f981911d752fe8ae3721db4c0156a099070bdc/document.pdf	HUMAN_DECISION + JUSTIFICATION_CATEGORY + REVIEWER_LOGIN (après ses findings)	PII_CONTENT	P1_PROMOTED_BLOCKS_RELEASE	e20b73d10c46a2e681422756b7f981911d752fe8ae3721db4c0156a099070bdc	true	representation-des-entiers-naturels-pdf-167-2-ko--e20b73d10c	01_EDUSCOL_OFFICIEL/LYCEE/PREMIERE/NSI/07_DIAPORAMAS_SUPPORTS/2019/representation-des-entiers-naturels-pdf-167-2-ko--e20b73d10c.pdf	MOYEN	phone_french|postal_address	5	2|4|5|6					e20b73d10c46a2e681422756b7f981911d752fe8ae3721db4c0156a099070bdc	APPROVED/TECHNICAL_FALSE_POSITIVE	NEEDS_SECONDARY_EVIDENCE	PII_CLEARED|PII_REDACTION_REQUIRED|EXCLUDE_FROM_SERVABLE_SET|HUMAN_REVIEW_REQUIRED						
54	$NEXUS_PII_REVIEW_ROOT/e20b73d10c46a2e681422756b7f981911d752fe8ae3721db4c0156a099070bdc/pages/page-0005.txt	FINDING_DISPOSITION	PII_FINDING	P1_PROMOTED_BLOCKS_RELEASE	e20b73d10c46a2e681422756b7f981911d752fe8ae3721db4c0156a099070bdc	true			MOYEN				767a0a73561bc622f421080cc9a834755fbb3715ff3128c36a1586746b910ed1	phone_french	5	NATIVE_TEXT	e20b73d10c46a2e681422756b7f981911d752fe8ae3721db4c0156a099070bdc			FALSE_POSITIVE_TECHNICAL|PUBLIC_INSTITUTIONAL_DATA|SYNTHETIC_EXAMPLE|PERSONAL_DATA_PRESENT						
55	$NEXUS_PII_REVIEW_ROOT/e20b73d10c46a2e681422756b7f981911d752fe8ae3721db4c0156a099070bdc/pages/page-0002.txt	FINDING_DISPOSITION	PII_FINDING	P1_PROMOTED_BLOCKS_RELEASE	e20b73d10c46a2e681422756b7f981911d752fe8ae3721db4c0156a099070bdc	true			MOYEN				bbf6044accb2ffb13ad5892a9dd9d0a108cbb1fe5461d4068ea43e6eeeeac935	postal_address	2	NATIVE_TEXT	e20b73d10c46a2e681422756b7f981911d752fe8ae3721db4c0156a099070bdc			FALSE_POSITIVE_TECHNICAL|PUBLIC_INSTITUTIONAL_DATA|SYNTHETIC_EXAMPLE|PERSONAL_DATA_PRESENT						
56	$NEXUS_PII_REVIEW_ROOT/e20b73d10c46a2e681422756b7f981911d752fe8ae3721db4c0156a099070bdc/pages/page-0006.txt	FINDING_DISPOSITION	PII_FINDING	P1_PROMOTED_BLOCKS_RELEASE	e20b73d10c46a2e681422756b7f981911d752fe8ae3721db4c0156a099070bdc	true			MOYEN				c2ead8ec87ae448ff699dfe715d3d8625344bdc4436ab9bc7c62a774f22db431	phone_french	6	NATIVE_TEXT	e20b73d10c46a2e681422756b7f981911d752fe8ae3721db4c0156a099070bdc			FALSE_POSITIVE_TECHNICAL|PUBLIC_INSTITUTIONAL_DATA|SYNTHETIC_EXAMPLE|PERSONAL_DATA_PRESENT						
57	$NEXUS_PII_REVIEW_ROOT/e20b73d10c46a2e681422756b7f981911d752fe8ae3721db4c0156a099070bdc/pages/page-0005.txt	FINDING_DISPOSITION	PII_FINDING	P1_PROMOTED_BLOCKS_RELEASE	e20b73d10c46a2e681422756b7f981911d752fe8ae3721db4c0156a099070bdc	true			MOYEN				cb4f8445764be264420bd7f1f210bf73a0b9cef171539303b509300983ffcfe1	phone_french	5	NATIVE_TEXT	e20b73d10c46a2e681422756b7f981911d752fe8ae3721db4c0156a099070bdc			FALSE_POSITIVE_TECHNICAL|PUBLIC_INSTITUTIONAL_DATA|SYNTHETIC_EXAMPLE|PERSONAL_DATA_PRESENT						
58	$NEXUS_PII_REVIEW_ROOT/e20b73d10c46a2e681422756b7f981911d752fe8ae3721db4c0156a099070bdc/pages/page-0004.txt	FINDING_DISPOSITION	PII_FINDING	P1_PROMOTED_BLOCKS_RELEASE	e20b73d10c46a2e681422756b7f981911d752fe8ae3721db4c0156a099070bdc	true			MOYEN				f533857351c399cdda3fffd0c9a261fd47757a9159fd6d32a0adc6b10bc73a27	phone_french	4	NATIVE_TEXT	e20b73d10c46a2e681422756b7f981911d752fe8ae3721db4c0156a099070bdc			FALSE_POSITIVE_TECHNICAL|PUBLIC_INSTITUTIONAL_DATA|SYNTHETIC_EXAMPLE|PERSONAL_DATA_PRESENT						
59	$NEXUS_PII_REVIEW_ROOT/ebe2d96d24600df85e16b67f7185657026e4b1c59010216cbfd99bf657048544/document.pdf	HUMAN_DECISION + JUSTIFICATION_CATEGORY + REVIEWER_LOGIN (après ses findings)	PII_CONTENT	P1_PROMOTED_BLOCKS_RELEASE	ebe2d96d24600df85e16b67f7185657026e4b1c59010216cbfd99bf657048544	true	reglement-2026-2027-pdf-202-78-ko--ebe2d96d24	01_EDUSCOL_OFFICIEL/LYCEE/TRANSVERSAL_MULTI_NIVEAUX/20_TRANSITION_OU_ACTUEL/DGEMC/09_AUTRES/2026/reglement-2026-2027-pdf-202-78-ko--ebe2d96d24.pdf	MOYEN	email_address|postal_address	2	1|3					ebe2d96d24600df85e16b67f7185657026e4b1c59010216cbfd99bf657048544	APPROVED/INSTITUTIONAL_CONTACT	TRANSITION_OR_CURRENT	PII_CLEARED|PII_REDACTION_REQUIRED|EXCLUDE_FROM_SERVABLE_SET|HUMAN_REVIEW_REQUIRED						
60	$NEXUS_PII_REVIEW_ROOT/ebe2d96d24600df85e16b67f7185657026e4b1c59010216cbfd99bf657048544/pages/page-0001.txt	FINDING_DISPOSITION	PII_FINDING	P1_PROMOTED_BLOCKS_RELEASE	ebe2d96d24600df85e16b67f7185657026e4b1c59010216cbfd99bf657048544	true			MOYEN				18dd2e50f6c95b17dceee93c99027d2fe4737a72009d0d13796adac20248c4fd	postal_address	1	NATIVE_TEXT	ebe2d96d24600df85e16b67f7185657026e4b1c59010216cbfd99bf657048544			FALSE_POSITIVE_TECHNICAL|PUBLIC_INSTITUTIONAL_DATA|SYNTHETIC_EXAMPLE|PERSONAL_DATA_PRESENT						
61	$NEXUS_PII_REVIEW_ROOT/ebe2d96d24600df85e16b67f7185657026e4b1c59010216cbfd99bf657048544/pages/page-0003.txt	FINDING_DISPOSITION	PII_FINDING	P1_PROMOTED_BLOCKS_RELEASE	ebe2d96d24600df85e16b67f7185657026e4b1c59010216cbfd99bf657048544	true			MOYEN				466bc7b026fd194f7d0d6d03b3a4426db9cb21ab9b1f56e1b52fed84fb5719b8	email_address	3	NATIVE_TEXT	ebe2d96d24600df85e16b67f7185657026e4b1c59010216cbfd99bf657048544			FALSE_POSITIVE_TECHNICAL|PUBLIC_INSTITUTIONAL_DATA|SYNTHETIC_EXAMPLE|PERSONAL_DATA_PRESENT						
62	$NEXUS_PII_REVIEW_ROOT/f21c80ab3aaa9084fe631f7c38d6ca1451f77c529f8ab2d62296817741bf8963/document.pdf	HUMAN_DECISION + JUSTIFICATION_CATEGORY + REVIEWER_LOGIN (après ses findings)	PII_CONTENT	P1_PROMOTED_BLOCKS_RELEASE	f21c80ab3aaa9084fe631f7c38d6ca1451f77c529f8ab2d62296817741bf8963	true	manipulation-de-tables-avec-la-bibliotheque-pandas-pdf-146-17-ko--f21c80ab3a	01_EDUSCOL_OFFICIEL/LYCEE/PREMIERE/NSI/07_DIAPORAMAS_SUPPORTS/2019/manipulation-de-tables-avec-la-bibliotheque-pandas-pdf-146-17-ko--f21c80ab3a.pdf	MOYEN	postal_address	2	3					f21c80ab3aaa9084fe631f7c38d6ca1451f77c529f8ab2d62296817741bf8963	APPROVED/PEDAGOGICAL_EXAMPLE	NEEDS_SECONDARY_EVIDENCE	PII_CLEARED|PII_REDACTION_REQUIRED|EXCLUDE_FROM_SERVABLE_SET|HUMAN_REVIEW_REQUIRED						
63	$NEXUS_PII_REVIEW_ROOT/f21c80ab3aaa9084fe631f7c38d6ca1451f77c529f8ab2d62296817741bf8963/pages/page-0003.txt	FINDING_DISPOSITION	PII_FINDING	P1_PROMOTED_BLOCKS_RELEASE	f21c80ab3aaa9084fe631f7c38d6ca1451f77c529f8ab2d62296817741bf8963	true			MOYEN				32c67641818a0bef193d09a2fcfcce95cc0730e0e0a43cc4a87762f394611382	postal_address	3	NATIVE_TEXT	f21c80ab3aaa9084fe631f7c38d6ca1451f77c529f8ab2d62296817741bf8963			FALSE_POSITIVE_TECHNICAL|PUBLIC_INSTITUTIONAL_DATA|SYNTHETIC_EXAMPLE|PERSONAL_DATA_PRESENT						
64	$NEXUS_PII_REVIEW_ROOT/f21c80ab3aaa9084fe631f7c38d6ca1451f77c529f8ab2d62296817741bf8963/pages/page-0003.txt	FINDING_DISPOSITION	PII_FINDING	P1_PROMOTED_BLOCKS_RELEASE	f21c80ab3aaa9084fe631f7c38d6ca1451f77c529f8ab2d62296817741bf8963	true			MOYEN				8f546775ea2895b684df56e4473f2274899cdcf1aaca55c87154608d46678481	postal_address	3	NATIVE_TEXT	f21c80ab3aaa9084fe631f7c38d6ca1451f77c529f8ab2d62296817741bf8963			FALSE_POSITIVE_TECHNICAL|PUBLIC_INSTITUTIONAL_DATA|SYNTHETIC_EXAMPLE|PERSONAL_DATA_PRESENT						
65	$NEXUS_PII_REVIEW_ROOT/f636ef6038c2379502bae01d5fdf06556aea70500a42b7adf9bd9f3996fe1d13/document.pdf	HUMAN_DECISION + JUSTIFICATION_CATEGORY + REVIEWER_LOGIN (après ses findings)	PII_CONTENT	P1_PROMOTED_BLOCKS_RELEASE	f636ef6038c2379502bae01d5fdf06556aea70500a42b7adf9bd9f3996fe1d13	true	calculabilite-et-decidabilite-pdf-433-14-ko--f636ef6038	01_EDUSCOL_OFFICIEL/LYCEE/TERMINALE/NSI/03_RESSOURCES_ACCOMPAGNEMENT/2020/calculabilite-et-decidabilite-pdf-433-14-ko--f636ef6038.pdf	MOYEN	phone_french	2	7					f636ef6038c2379502bae01d5fdf06556aea70500a42b7adf9bd9f3996fe1d13	APPROVED/TECHNICAL_FALSE_POSITIVE	NEEDS_SECONDARY_EVIDENCE	PII_CLEARED|PII_REDACTION_REQUIRED|EXCLUDE_FROM_SERVABLE_SET|HUMAN_REVIEW_REQUIRED						
66	$NEXUS_PII_REVIEW_ROOT/f636ef6038c2379502bae01d5fdf06556aea70500a42b7adf9bd9f3996fe1d13/pages/page-0007.txt	FINDING_DISPOSITION	PII_FINDING	P1_PROMOTED_BLOCKS_RELEASE	f636ef6038c2379502bae01d5fdf06556aea70500a42b7adf9bd9f3996fe1d13	true			MOYEN				6d41f3c3722bec0b58ff0dcd59ae64748e7465a1f5fea68028506c5597472e40	phone_french	7	NATIVE_TEXT	f636ef6038c2379502bae01d5fdf06556aea70500a42b7adf9bd9f3996fe1d13			FALSE_POSITIVE_TECHNICAL|PUBLIC_INSTITUTIONAL_DATA|SYNTHETIC_EXAMPLE|PERSONAL_DATA_PRESENT						
67	$NEXUS_PII_REVIEW_ROOT/f636ef6038c2379502bae01d5fdf06556aea70500a42b7adf9bd9f3996fe1d13/pages/page-0007.txt	FINDING_DISPOSITION	PII_FINDING	P1_PROMOTED_BLOCKS_RELEASE	f636ef6038c2379502bae01d5fdf06556aea70500a42b7adf9bd9f3996fe1d13	true			MOYEN				962510f9e87faac792a6eea0cc572b312e0591874c610fb8901e69614e2c2dc5	phone_french	7	NATIVE_TEXT	f636ef6038c2379502bae01d5fdf06556aea70500a42b7adf9bd9f3996fe1d13			FALSE_POSITIVE_TECHNICAL|PUBLIC_INSTITUTIONAL_DATA|SYNTHETIC_EXAMPLE|PERSONAL_DATA_PRESENT						
68	$NEXUS_PII_REVIEW_ROOT/157309db13b674ffe4bf1371015bfc7c9c9cf475af75769a6beaf4dade45925f/document.pdf	HUMAN_DECISION + JUSTIFICATION_CATEGORY + REVIEWER_LOGIN (après ses findings)	PII_CONTENT	P1_PROMOTED_BLOCKS_RELEASE	157309db13b674ffe4bf1371015bfc7c9c9cf475af75769a6beaf4dade45925f	true	la-definition-des-epreuves-anticipees-de-francais-du-baccalaureat-general-et-technologique--157309db13	01_EDUSCOL_OFFICIEL/LYCEE/TRANSVERSAL_MULTI_NIVEAUX/90_ARCHIVE_CATALOGUE/_MULTI_DISCIPLINES/01_PROGRAMMES_OFFICIELS/2024/la-definition-des-epreuves-anticipees-de-francais-du-baccalaureat-general-et-technologique--157309db13.pdf	A_QUALIFIER	student_name_pattern	1	8					157309db13b674ffe4bf1371015bfc7c9c9cf475af75769a6beaf4dade45925f	APPROVED/PEDAGOGICAL_EXAMPLE	ARCHIVE_DECLARED	PII_CLEARED|PII_REDACTION_REQUIRED|EXCLUDE_FROM_SERVABLE_SET|HUMAN_REVIEW_REQUIRED						
69	$NEXUS_PII_REVIEW_ROOT/157309db13b674ffe4bf1371015bfc7c9c9cf475af75769a6beaf4dade45925f/pages/page-0008.txt	FINDING_DISPOSITION	PII_FINDING	P1_PROMOTED_BLOCKS_RELEASE	157309db13b674ffe4bf1371015bfc7c9c9cf475af75769a6beaf4dade45925f	true			A_QUALIFIER				c40f7db191448549d58629d62f67a8f4b1677a657b9ecc83a83aaddaba132fa2	student_name_pattern	8	NATIVE_TEXT	157309db13b674ffe4bf1371015bfc7c9c9cf475af75769a6beaf4dade45925f			FALSE_POSITIVE_TECHNICAL|PUBLIC_INSTITUTIONAL_DATA|SYNTHETIC_EXAMPLE|PERSONAL_DATA_PRESENT						
70	$NEXUS_PII_REVIEW_ROOT/39c50431bf6b80c403d253eaf48e95b3644b2c80e0e8decb928a53c6117141a1/document.pdf	HUMAN_DECISION + JUSTIFICATION_CATEGORY + REVIEWER_LOGIN (après ses findings)	PII_CONTENT	P1_PROMOTED_BLOCKS_RELEASE	39c50431bf6b80c403d253eaf48e95b3644b2c80e0e8decb928a53c6117141a1	true	mutations-de-l-adn-et-variabilite-genetique-alterations-du-genome-et-cancerisation-presentation-orale-d-une-strategie-de-resolutio--39c50431bf	01_EDUSCOL_OFFICIEL/LYCEE/SECONDE/SVT/04_EVALUATIONS_EXAMENS/2021/mutations-de-l-adn-et-variabilite-genetique-alterations-du-genome-et-cancerisation-presentation-orale-d-une-strategie-de-resolutio--39c50431bf.pdf	A_QUALIFIER	student_name_pattern	3	7|8|9					39c50431bf6b80c403d253eaf48e95b3644b2c80e0e8decb928a53c6117141a1	APPROVED/PEDAGOGICAL_EXAMPLE	NEEDS_SECONDARY_EVIDENCE	PII_CLEARED|PII_REDACTION_REQUIRED|EXCLUDE_FROM_SERVABLE_SET|HUMAN_REVIEW_REQUIRED						
71	$NEXUS_PII_REVIEW_ROOT/39c50431bf6b80c403d253eaf48e95b3644b2c80e0e8decb928a53c6117141a1/pages/page-0007.txt	FINDING_DISPOSITION	PII_FINDING	P1_PROMOTED_BLOCKS_RELEASE	39c50431bf6b80c403d253eaf48e95b3644b2c80e0e8decb928a53c6117141a1	true			A_QUALIFIER				2b12eec1a4f8de3588b23d66a2cddb9ef19787474b18ee2b54a896f35a8e0b5b	student_name_pattern	7	NATIVE_TEXT	39c50431bf6b80c403d253eaf48e95b3644b2c80e0e8decb928a53c6117141a1			FALSE_POSITIVE_TECHNICAL|PUBLIC_INSTITUTIONAL_DATA|SYNTHETIC_EXAMPLE|PERSONAL_DATA_PRESENT						
72	$NEXUS_PII_REVIEW_ROOT/39c50431bf6b80c403d253eaf48e95b3644b2c80e0e8decb928a53c6117141a1/pages/page-0009.txt	FINDING_DISPOSITION	PII_FINDING	P1_PROMOTED_BLOCKS_RELEASE	39c50431bf6b80c403d253eaf48e95b3644b2c80e0e8decb928a53c6117141a1	true			A_QUALIFIER				47bdf9f8a94ea2140fe86c7ae0f2fb538d3ff397c0b3409014b7a039b9d7f5c4	student_name_pattern	9	NATIVE_TEXT	39c50431bf6b80c403d253eaf48e95b3644b2c80e0e8decb928a53c6117141a1			FALSE_POSITIVE_TECHNICAL|PUBLIC_INSTITUTIONAL_DATA|SYNTHETIC_EXAMPLE|PERSONAL_DATA_PRESENT						
73	$NEXUS_PII_REVIEW_ROOT/39c50431bf6b80c403d253eaf48e95b3644b2c80e0e8decb928a53c6117141a1/pages/page-0008.txt	FINDING_DISPOSITION	PII_FINDING	P1_PROMOTED_BLOCKS_RELEASE	39c50431bf6b80c403d253eaf48e95b3644b2c80e0e8decb928a53c6117141a1	true			A_QUALIFIER				593b765c19de425bc563990c16b5294115aba19b10a38513839bd5185b79ff5a	student_name_pattern	8	NATIVE_TEXT	39c50431bf6b80c403d253eaf48e95b3644b2c80e0e8decb928a53c6117141a1			FALSE_POSITIVE_TECHNICAL|PUBLIC_INSTITUTIONAL_DATA|SYNTHETIC_EXAMPLE|PERSONAL_DATA_PRESENT						
74	$NEXUS_PII_REVIEW_ROOT/96e887c34c0d7db5500632090ee0119d1366d2667217818b65d00a316d3ae329/document.pdf	HUMAN_DECISION + JUSTIFICATION_CATEGORY + REVIEWER_LOGIN (après ses findings)	PII_CONTENT	P1_PROMOTED_BLOCKS_RELEASE	96e887c34c0d7db5500632090ee0119d1366d2667217818b65d00a316d3ae329	true	placer-les-eleves-en-demarche-de-projet-pour-comprendre-et-evaluer-une-action-climatique-pdf-333-91-ko--96e887c34c	01_EDUSCOL_OFFICIEL/LYCEE/SECONDE/SVT/04_EVALUATIONS_EXAMENS/2020/placer-les-eleves-en-demarche-de-projet-pour-comprendre-et-evaluer-une-action-climatique-pdf-333-91-ko--96e887c34c.pdf	A_QUALIFIER	student_name_pattern	1	10					96e887c34c0d7db5500632090ee0119d1366d2667217818b65d00a316d3ae329	APPROVED/PEDAGOGICAL_EXAMPLE	NEEDS_SECONDARY_EVIDENCE	PII_CLEARED|PII_REDACTION_REQUIRED|EXCLUDE_FROM_SERVABLE_SET|HUMAN_REVIEW_REQUIRED						
75	$NEXUS_PII_REVIEW_ROOT/96e887c34c0d7db5500632090ee0119d1366d2667217818b65d00a316d3ae329/pages/page-0010.txt	FINDING_DISPOSITION	PII_FINDING	P1_PROMOTED_BLOCKS_RELEASE	96e887c34c0d7db5500632090ee0119d1366d2667217818b65d00a316d3ae329	true			A_QUALIFIER				6f38a4c82d5dc44d21b4edeaec6e4f47902cfd4931573f8220c5c3a35de9f7ed	student_name_pattern	10	NATIVE_TEXT	96e887c34c0d7db5500632090ee0119d1366d2667217818b65d00a316d3ae329			FALSE_POSITIVE_TECHNICAL|PUBLIC_INSTITUTIONAL_DATA|SYNTHETIC_EXAMPLE|PERSONAL_DATA_PRESENT						
